PRAGMA foreign_keys=OFF;
BEGIN TRANSACTION;
CREATE TABLE `admins` (`id` UUIDV4 UNIQUE PRIMARY KEY, `username` VARCHAR(255) NOT NULL UNIQUE, `first_name` VARCHAR(255) NOT NULL, `last_name` VARCHAR(255) NOT NULL, `password` VARCHAR(255) NOT NULL, `company_name` VARCHAR(255) NOT NULL, `company_type` VARCHAR(255) NOT NULL, `admin_level` VARCHAR(255) NOT NULL, `reset_token` VARCHAR(255) DEFAULT '', `createdAt` DATETIME NOT NULL, `updatedAt` DATETIME NOT NULL);
INSERT INTO admins VALUES('45776b3d-4a53-4c26-bb65-ad7027bcff45','bakii','bereket','zeselassie','$2b$10$JxVd/jm28R9mWITUOeBTEOBElhEuIJEEgJIra7C2vbqYIcP8axbCS','3T','restaurant','superadmin',' ','2025-07-01 12:02:22.805 +00:00','2025-07-02 12:17:23.548 +00:00');
INSERT INTO admins VALUES('6c798719-7127-47ca-80c1-485868ac4179','fila','filimon','kibrom','$2b$10$6KbhzNGffcEh6IU49gchAuLKHWFFbpHnwabiT2Xr37QvRq0.bqtIK','3T','restaurant','admin','','2025-07-01 12:03:03.563 +00:00','2025-07-01 12:03:03.563 +00:00');
INSERT INTO admins VALUES('8a366a28-eba8-409e-83d1-3186609cf071','jack','jackson','miller','$2b$10$xRQLbXpl6lWcLELrdVG5p.HC2j9y9uKhaYBjs9Peudu/oTkxq99hW','3T','restaurant','admin','','2025-07-02 11:35:11.521 +00:00','2025-07-02 11:35:11.521 +00:00');
CREATE TABLE `meals` (`id` UUIDV4 UNIQUE PRIMARY KEY, `created_by_id` UUIDV4 NOT NULL REFERENCES `admins` (`id`), `updated_by_id` UUIDV4 NOT NULL REFERENCES `admins` (`id`), `title` VARCHAR(255) NOT NULL, `image` UUIDV4[], `video` UUIDV4[], `max_eta` INTEGER, `is_available` TINYINT(1) NOT NULL DEFAULT 1, `createdAt` DATETIME NOT NULL, `updatedAt` DATETIME NOT NULL);
INSERT INTO meals VALUES('8dada4e9-e39a-4065-9dec-b06a8bcea116','45776b3d-4a53-4c26-bb65-ad7027bcff45','45776b3d-4a53-4c26-bb65-ad7027bcff45','Avocado Juice','["8b3ac255-f096-4a5b-b906-8230db0c312a"]',NULL,NULL,1,'2025-07-02 12:34:58.749 +00:00','2025-07-04 10:00:58.388 +00:00');
INSERT INTO meals VALUES('1cce43a5-1bce-49a1-86cd-1a71ff891e06','45776b3d-4a53-4c26-bb65-ad7027bcff45','45776b3d-4a53-4c26-bb65-ad7027bcff45','Burger','["5b896369-0a99-44e0-b8dc-7f2aa7df3958"]','["75164497-7dac-414f-8645-8e048f7710fb"]',NULL,1,'2025-07-04 06:25:36.498 +00:00','2025-07-04 10:06:17.698 +00:00');
INSERT INTO meals VALUES('cbd2a645-35aa-454d-b570-e19683332920','45776b3d-4a53-4c26-bb65-ad7027bcff45','45776b3d-4a53-4c26-bb65-ad7027bcff45','Club Sandwich','["792904b9-08eb-4a9f-99a7-fe3c8b823478"]','["ed998aa6-0d83-44f8-ab06-220faf3b1a27"]',NULL,1,'2025-07-04 06:26:41.507 +00:00','2025-07-04 10:05:22.598 +00:00');
INSERT INTO meals VALUES('6c2efe4e-ff6c-472e-b541-2d5d2d8e2f21','45776b3d-4a53-4c26-bb65-ad7027bcff45','45776b3d-4a53-4c26-bb65-ad7027bcff45','Pizza','["5efebe3e-0dde-408b-8d7d-ac4b5d63e66b"]','["c6241699-cb53-492a-aab8-5c375cf61c05"]',NULL,1,'2025-07-04 06:27:09.154 +00:00','2025-07-04 10:04:19.160 +00:00');
INSERT INTO meals VALUES('a838ffcb-dc2e-4403-bfc8-158512227293','6c798719-7127-47ca-80c1-485868ac4179','6c798719-7127-47ca-80c1-485868ac4179','Birthday Cake','["89827217-346b-4e74-a4f1-157d1cd87b46"]',NULL,NULL,1,'2025-07-04 11:28:05.481 +00:00','2025-07-04 11:56:44.965 +00:00');
INSERT INTO meals VALUES('e926ad95-8227-4073-a268-2e52ae379947','6c798719-7127-47ca-80c1-485868ac4179','6c798719-7127-47ca-80c1-485868ac4179','Chocolate Cake','["33e9b23f-e5ab-4744-9b92-d94ce15b10f8"]',NULL,NULL,1,'2025-07-04 11:29:42.084 +00:00','2025-07-04 11:55:28.903 +00:00');
INSERT INTO meals VALUES('297618c6-c9b0-4551-bb38-cfcc97277a02','8a366a28-eba8-409e-83d1-3186609cf071','8a366a28-eba8-409e-83d1-3186609cf071','Pan Cake','["afa18ff7-0e65-4415-9769-d5ef937bcc95"]',NULL,NULL,1,'2025-07-04 12:02:21.159 +00:00','2025-07-04 12:05:17.325 +00:00');
INSERT INTO meals VALUES('018070d1-cca4-4cec-96cc-32933bfa145e','8a366a28-eba8-409e-83d1-3186609cf071','8a366a28-eba8-409e-83d1-3186609cf071','Ice-Cream Bowl','["9db4fe6b-34b1-49f0-9546-884822371bd0"]',NULL,NULL,1,'2025-07-04 12:03:07.266 +00:00','2025-07-04 12:03:45.163 +00:00');
CREATE TABLE `preferences` (`id` UUIDV4 UNIQUE PRIMARY KEY, `updated_by_id` UUIDV4 NOT NULL REFERENCES `admins` (`id`), `createdAt` DATETIME NOT NULL, `updatedAt` DATETIME NOT NULL);
CREATE TABLE `reviews` (`id` UUIDV4 UNIQUE PRIMARY KEY, `created_by_id` UUIDV4, `meal_id` UUIDV4 NOT NULL REFERENCES `meals` (`id`), `rating` INTEGER NOT NULL, `review` VARCHAR(255), `createdAt` DATETIME NOT NULL, `updatedAt` DATETIME NOT NULL);
CREATE TABLE `videos` (`id` UUIDV4 UNIQUE PRIMARY KEY, `path` VARCHAR(255) NOT NULL, `parent_name` VARCHAR(255) DEFAULT NULL, `parent_id` UUIDV4 DEFAULT NULL, `created_by_id` UUIDV4 NOT NULL REFERENCES `admins` (`id`), `createdAt` DATETIME NOT NULL, `updatedAt` DATETIME NOT NULL);
INSERT INTO videos VALUES('75164497-7dac-414f-8645-8e048f7710fb','uploads/videos/1751618426013-858554501.mp4','video','1cce43a5-1bce-49a1-86cd-1a71ff891e06','45776b3d-4a53-4c26-bb65-ad7027bcff45','2025-07-04 08:40:27.210 +00:00','2025-07-04 09:25:55.484 +00:00');
INSERT INTO videos VALUES('ed998aa6-0d83-44f8-ab06-220faf3b1a27','uploads/videos/1751618426044-649092902.mp4','video','cbd2a645-35aa-454d-b570-e19683332920','45776b3d-4a53-4c26-bb65-ad7027bcff45','2025-07-04 08:40:27.211 +00:00','2025-07-04 09:25:10.906 +00:00');
INSERT INTO videos VALUES('c6241699-cb53-492a-aab8-5c375cf61c05','uploads/videos/1751618426062-108337212.mp4','video','6c2efe4e-ff6c-472e-b541-2d5d2d8e2f21','45776b3d-4a53-4c26-bb65-ad7027bcff45','2025-07-04 08:40:27.211 +00:00','2025-07-04 09:08:26.796 +00:00');
CREATE TABLE `images` (`id` UUIDV4 UNIQUE PRIMARY KEY, `path` VARCHAR(255) NOT NULL, `parent_name` VARCHAR(255) DEFAULT NULL, `parent_id` UUIDV4 DEFAULT NULL, `created_by_id` UUIDV4 NOT NULL REFERENCES `admins` (`id`), `createdAt` DATETIME NOT NULL, `updatedAt` DATETIME NOT NULL);
INSERT INTO images VALUES('89827217-346b-4e74-a4f1-157d1cd87b46','uploads/images/1751618426113-235948623.jpg','image','a838ffcb-dc2e-4403-bfc8-158512227293','45776b3d-4a53-4c26-bb65-ad7027bcff45','2025-07-04 08:40:27.212 +00:00','2025-07-04 11:56:44.966 +00:00');
INSERT INTO images VALUES('33e9b23f-e5ab-4744-9b92-d94ce15b10f8','uploads/images/1751618426258-283460311.jpg','image','e926ad95-8227-4073-a268-2e52ae379947','45776b3d-4a53-4c26-bb65-ad7027bcff45','2025-07-04 08:40:27.213 +00:00','2025-07-04 11:31:34.681 +00:00');
INSERT INTO images VALUES('8b3ac255-f096-4a5b-b906-8230db0c312a','uploads/images/1751618426548-518014185.jpg','image','e926ad95-8227-4073-a268-2e52ae379947','45776b3d-4a53-4c26-bb65-ad7027bcff45','2025-07-04 08:40:27.213 +00:00','2025-07-04 11:36:03.340 +00:00');
INSERT INTO images VALUES('792904b9-08eb-4a9f-99a7-fe3c8b823478','uploads/images/1751618426596-12081004.jpg','image','cbd2a645-35aa-454d-b570-e19683332920','45776b3d-4a53-4c26-bb65-ad7027bcff45','2025-07-04 08:40:27.214 +00:00','2025-07-04 09:05:58.559 +00:00');
INSERT INTO images VALUES('5efebe3e-0dde-408b-8d7d-ac4b5d63e66b','uploads/images/1751618426865-595229402.jpg','image','6c2efe4e-ff6c-472e-b541-2d5d2d8e2f21','45776b3d-4a53-4c26-bb65-ad7027bcff45','2025-07-04 08:40:27.214 +00:00','2025-07-04 09:06:34.526 +00:00');
INSERT INTO images VALUES('afa18ff7-0e65-4415-9769-d5ef937bcc95','uploads/images/1751618426975-783075252.jpg','image','297618c6-c9b0-4551-bb38-cfcc97277a02','45776b3d-4a53-4c26-bb65-ad7027bcff45','2025-07-04 08:40:27.215 +00:00','2025-07-04 12:05:17.326 +00:00');
INSERT INTO images VALUES('9db4fe6b-34b1-49f0-9546-884822371bd0','uploads/images/1751618427085-406423237.jpg','image','018070d1-cca4-4cec-96cc-32933bfa145e','45776b3d-4a53-4c26-bb65-ad7027bcff45','2025-07-04 08:40:27.215 +00:00','2025-07-04 12:03:45.164 +00:00');
INSERT INTO images VALUES('5b896369-0a99-44e0-b8dc-7f2aa7df3958','uploads/images/1751618427161-83591546.jpg','image','1cce43a5-1bce-49a1-86cd-1a71ff891e06','45776b3d-4a53-4c26-bb65-ad7027bcff45','2025-07-04 08:40:27.215 +00:00','2025-07-04 09:05:10.137 +00:00');
CREATE TABLE `temps` (`id` VARCHAR(255) NOT NULL UNIQUE PRIMARY KEY, `createdAt` DATETIME NOT NULL, `updatedAt` DATETIME NOT NULL);
CREATE TABLE `admins_backup` (`id` UUIDV4 UNIQUE PRIMARY KEY, `username` VARCHAR(255) NOT NULL UNIQUE, `first_name` VARCHAR(255) NOT NULL, `last_name` VARCHAR(255) NOT NULL, `password` VARCHAR(255) NOT NULL, `company_name` VARCHAR(255) NOT NULL, `company_type` VARCHAR(255) NOT NULL, `admin_level` VARCHAR(255) NOT NULL, `reset_token` VARCHAR(255) DEFAULT '', `createdAt` DATETIME NOT NULL, `updatedAt` DATETIME NOT NULL);
INSERT INTO admins_backup VALUES('45776b3d-4a53-4c26-bb65-ad7027bcff45','bakii','bereket','zeselassie','$2b$10$JxVd/jm28R9mWITUOeBTEOBElhEuIJEEgJIra7C2vbqYIcP8axbCS','3T','restaurant','superadmin',' ','2025-07-01 12:02:22.805 +00:00','2025-07-02 12:17:23.548 +00:00');
INSERT INTO admins_backup VALUES('6c798719-7127-47ca-80c1-485868ac4179','fila','filimon','kibrom','$2b$10$6KbhzNGffcEh6IU49gchAuLKHWFFbpHnwabiT2Xr37QvRq0.bqtIK','3T','restaurant','admin','','2025-07-01 12:03:03.563 +00:00','2025-07-01 12:03:03.563 +00:00');
INSERT INTO admins_backup VALUES('8a366a28-eba8-409e-83d1-3186609cf071','jack','jackson','miller','$2b$10$xRQLbXpl6lWcLELrdVG5p.HC2j9y9uKhaYBjs9Peudu/oTkxq99hW','3T','restaurant','admin','','2025-07-02 11:35:11.521 +00:00','2025-07-02 11:35:11.521 +00:00');
COMMIT;
